Title,Views
"['When AI Tries to Flirt With You', '8.8K views']"
"['How AI is changing learning in schools', '1.1K views']"
"['How Amazon Is Making Custom Chips To Catch Up In Generative A.I. Race', '194K views']"
"['AI News E4: Huge ChatGPT Updates, Apple AI, Disney AI, New Nvidia Chip, AI Clones, Musk v Zuck!', '35K views']"
"['AI News: What You Might Have Missed!', '81K views']"
"['6 Minutes Ago: Godfather Of AI Shared Terrifying Message About Artificial Intelligence', '24K views']"
"['The 8 Levels of AI Intelligence', '3.6K views']"
"['AI Takes No Breaks: Crazy Week with AI News!', '2.3K views']"
"[""A.I. may be the answer to China's productivity problems, says Barclays' Jiong Shao"", '510 views']"
"['Big Tech, AI Names Among 2Q Popular Positions', '613 views']"
"[""The AI revolution: Google's developers on the future of artificial intelligence | 60 Minutes"", '3.3M views']"
"['I Challenged My AI Clone to Replace Me for 24 Hours | WSJ', '920K views']"
"[""'The Godfather of AI' quits Google and warns of its dangers. Why Apple co-founder isn't concerned"", '1.6M views']"
"['You Probably Missed This AI News This Week!', '115K views']"
"['AI could replace 30% of work hours by 2030, new research finds', '10K views']"
"[""Does Google's AI have a left-wing agenda?"", '1.7M views']"
